library	GATA1_seq	ATF4_seq	n	proportion
template_BCL11A_WT	GTGAT	CATCC	1519	75.3098661378285
FAV39284_pass_dca5b723_41ce3bd7	GTGAT	CATCC	89	76.7241379310345
template_BCL11A_WT	GTGAT	CAT*C	34	1.68567178978681
template_BCL11A_WT	GCGAT	CATCC	33	1.63609320773426
template_BCL11A_WT	GTGAT	TATCC	31	1.53693604362915
FAW60490_pass_f881f114_a47281ca	GTGAT	CATCC	30	28.0373831775701
template_BCL11A_WT	GTAAT	CATCC	27	1.33862171541894
template_BCL11A_WT	GTGAT	GATCC	24	1.18988596926128
template_BCL11A_WT	GTCAT	CATCC	17	0.842835894893406
FAW61367_pass_7060b958_94682466	GTGAT	CATCC	16	14.6788990825688
template_BCL11A_WT	GTGAT	CGTCC	15	0.743678730788299
FAW64023_pass_6211bc3e_9a1fd90d	GTGAT	CATCC	14	51.8518518518518
template_BCL11A_WT	GTGA*	CATCC	13	0.644521566683193
template_BCL11A_WT	GTG*T	CATCC	12	0.59494298463064
template_BCL11A_WT	GTGAT	AATCC	12	0.59494298463064
template_BCL11A_WT	GTGAT	CATTC	12	0.59494298463064
FAW60490_pass_f881f114_a47281ca	GTAAT	CATCC	11	10.2803738317757
template_BCL11A_WT	G*GAT	CATCC	11	0.545364402578086
template_BCL11A_WT	GTGAT	CA*CC	11	0.545364402578086
template_BCL11A_WT	*TGAT	CATCC	10	0.495785820525533
template_BCL11A_WT	GTGAG	CATCC	10	0.495785820525533
template_BCL11A_WT	GTGAT	AGTCC	9	0.44620723847298
template_BCL11A_WT	GTGAT	*ATCC	8	0.396628656420426
template_BCL11A_WT	GTGAT	CATGC	8	0.396628656420426
template_BCL11A_WT	ATGAT	CATCC	7	0.347050074367873
template_BCL11A_WT	CTGAT	CATCC	7	0.347050074367873
template_BCL11A_WT	GCTAT	CATCC	7	0.347050074367873
template_BCL11A_WT	GT*AT	CATCC	7	0.347050074367873
template_BCL11A_WT	GTGAT	TAT*C	7	0.347050074367873
FAW60490_pass_f881f114_a47281ca	GTAAT	TATTT	6	5.60747663551402
template_BCL11A_WT	GTGAT	CA**C	6	0.29747149231532
template_BCL11A_WT	GTGAT	CATC*	6	0.29747149231532
template_BCL11A_WT	GTTAT	CATCC	6	0.29747149231532
FAV39284_pass_dca5b723_41ce3bd7	G*GAT	CATCC	5	4.31034482758621
FAW60490_pass_f881f114_a47281ca	CAGAT	CATCC	5	4.67289719626168
FAW61367_pass_7060b958_94682466	GCGAT	CATCC	5	4.58715596330275
template_BCL11A_WT	GTG**	CATCC	5	0.247892910262766
template_BCL11A_WT	GTGAA	CATCC	5	0.247892910262766
template_BCL11A_WT	GTGAC	CATCC	5	0.247892910262766
template_BCL11A_WT	GTGAT	CAACC	5	0.247892910262766
template_BCL11A_WT	GTGAT	CATAC	5	0.247892910262766
template_BCL11A_WT	GTGAT	CTTCC	5	0.247892910262766
FAV39284_pass_dca5b723_41ce3bd7	CAGAT	CATCC	4	3.44827586206897
FAW60490_pass_f881f114_a47281ca	GTGAT	TATCC	4	3.73831775700935
template_BCL11A_WT	GTGAT	CATCG	4	0.198314328210213
template_BCL11A_WT	GTGAT	CATCT	4	0.198314328210213
FAW60490_pass_f881f114_a47281ca	GTAAT	CATTC	3	2.80373831775701
FAW60490_pass_f881f114_a47281ca	GTAAT	TATTC	3	2.80373831775701
FAW60490_pass_f881f114_a47281ca	GTGAT	CATTC	3	2.80373831775701
FAW61367_pass_7060b958_94682466	GCAAT	CATCC	3	2.75229357798165
FAW61367_pass_7060b958_94682466	GCAAT	TATCC	3	2.75229357798165
FAW61367_pass_7060b958_94682466	GCAAT	TGTTC	3	2.75229357798165
FAW61367_pass_7060b958_94682466	GTCAT	CATCC	3	2.75229357798165
template_BCL11A_WT	GCCAT	CATCC	3	0.14873574615766
template_BCL11A_WT	GGGAT	CATCC	3	0.14873574615766
template_BCL11A_WT	GTAAT	CAT*C	3	0.14873574615766
template_BCL11A_WT	GTGAT	C*TCC	3	0.14873574615766
template_BCL11A_WT	GTGGT	CATCC	3	0.14873574615766
template_BCL11A_WT	GTGTT	CATCC	3	0.14873574615766
template_BCL11A_WT	TTGAT	CATCC	3	0.14873574615766
FAV39284_pass_dca5b723_41ce3bd7	ATGAT	CATCC	2	1.72413793103448
FAV39284_pass_dca5b723_41ce3bd7	GTGAT	CAT*C	2	1.72413793103448
FAW60490_pass_f881f114_a47281ca	ATAAT	TATTT	2	1.86915887850467
FAW60490_pass_f881f114_a47281ca	GTAAT	TATCC	2	1.86915887850467
FAW60490_pass_f881f114_a47281ca	GTCAT	TATCC	2	1.86915887850467
FAW61367_pass_7060b958_94682466	*****	CATCC	2	1.8348623853211
FAW61367_pass_7060b958_94682466	ATGAT	TATTC	2	1.8348623853211
FAW61367_pass_7060b958_94682466	GCAAT	CATTC	2	1.8348623853211
FAW61367_pass_7060b958_94682466	GCAAT	TATTC	2	1.8348623853211
FAW61367_pass_7060b958_94682466	GCCAT	TGTTC	2	1.8348623853211
FAW61367_pass_7060b958_94682466	GCGAT	CGTCC	2	1.8348623853211
FAW61367_pass_7060b958_94682466	GTAAT	CATCC	2	1.8348623853211
FAW61367_pass_7060b958_94682466	GTAAT	CGTCC	2	1.8348623853211
FAW61367_pass_7060b958_94682466	GTGAT	TATTC	2	1.8348623853211
FAW64023_pass_6211bc3e_9a1fd90d	GTG**	**TCC	2	7.40740740740741
FAW64023_pass_6211bc3e_9a1fd90d	GTGAT	**TCC	2	7.40740740740741
template_BCL11A_WT	**GAT	CATCC	2	0.0991571641051066
template_BCL11A_WT	*TCAT	CATCC	2	0.0991571641051066
template_BCL11A_WT	ATAAT	CATCC	2	0.0991571641051066
template_BCL11A_WT	GAGAT	CATCC	2	0.0991571641051066
template_BCL11A_WT	GTGAT	CACCC	2	0.0991571641051066
template_BCL11A_WT	GTGAT	CAGCC	2	0.0991571641051066
template_BCL11A_WT	GTGAT	CAT**	2	0.0991571641051066
template_BCL11A_WT	GTGAT	CCTCC	2	0.0991571641051066
template_BCL11A_WT	GTGAT	CTACC	2	0.0991571641051066
template_BCL11A_WT	GTGAT	TACCC	2	0.0991571641051066
template_BCL11A_WT	GTGCT	CATCC	2	0.0991571641051066
FAV39284_pass_dca5b723_41ce3bd7	AGGAT	CATCC	1	0.862068965517241
FAV39284_pass_dca5b723_41ce3bd7	CAG*T	CATCC	1	0.862068965517241
FAV39284_pass_dca5b723_41ce3bd7	CAGAT	TATCC	1	0.862068965517241
FAV39284_pass_dca5b723_41ce3bd7	CTG*T	CATCC	1	0.862068965517241
FAV39284_pass_dca5b723_41ce3bd7	G*CAT	CATCC	1	0.862068965517241
FAV39284_pass_dca5b723_41ce3bd7	GAGAT	CATCC	1	0.862068965517241
FAV39284_pass_dca5b723_41ce3bd7	GTG*G	CATCC	1	0.862068965517241
FAV39284_pass_dca5b723_41ce3bd7	GTG*T	CATCC	1	0.862068965517241
FAV39284_pass_dca5b723_41ce3bd7	GTGAT	*****	1	0.862068965517241
FAV39284_pass_dca5b723_41ce3bd7	GTGAT	C**CC	1	0.862068965517241
FAV39284_pass_dca5b723_41ce3bd7	GTGAT	CA*CC	1	0.862068965517241
FAV39284_pass_dca5b723_41ce3bd7	GTGAT	CGT*C	1	0.862068965517241
FAV39284_pass_dca5b723_41ce3bd7	GTGAT	CGTCC	1	0.862068965517241
FAV39284_pass_dca5b723_41ce3bd7	GTGAT	GA*CC	1	0.862068965517241
FAW60490_pass_f881f114_a47281ca	***A*	CATCC	1	0.934579439252336
FAW60490_pass_f881f114_a47281ca	*ACAT	TATCC	1	0.934579439252336
FAW60490_pass_f881f114_a47281ca	*TGAT	TATTT	1	0.934579439252336
FAW60490_pass_f881f114_a47281ca	ATAAT	*ATTC	1	0.934579439252336
FAW60490_pass_f881f114_a47281ca	ATAAT	CATCC	1	0.934579439252336
FAW60490_pass_f881f114_a47281ca	ATCAT	CATCC	1	0.934579439252336
FAW60490_pass_f881f114_a47281ca	ATGAT	CATCC	1	0.934579439252336
FAW60490_pass_f881f114_a47281ca	CAGA*	TATCC	1	0.934579439252336
FAW60490_pass_f881f114_a47281ca	CAGAT	TAT*T	1	0.934579439252336
FAW60490_pass_f881f114_a47281ca	G****	AATTC	1	0.934579439252336
FAW60490_pass_f881f114_a47281ca	G*GAT	CATCC	1	0.934579439252336
FAW60490_pass_f881f114_a47281ca	GCAGT	CATCC	1	0.934579439252336
FAW60490_pass_f881f114_a47281ca	GGGCT	CATCC	1	0.934579439252336
FAW60490_pass_f881f114_a47281ca	GT***	TATTT	1	0.934579439252336
FAW60490_pass_f881f114_a47281ca	GT**T	CATCC	1	0.934579439252336
FAW60490_pass_f881f114_a47281ca	GT*AC	CATCC	1	0.934579439252336
FAW60490_pass_f881f114_a47281ca	GTAAT	**TCC	1	0.934579439252336
FAW60490_pass_f881f114_a47281ca	GTAAT	*AT**	1	0.934579439252336
FAW60490_pass_f881f114_a47281ca	GTAAT	CAGCC	1	0.934579439252336
FAW60490_pass_f881f114_a47281ca	GTAAT	GATCC	1	0.934579439252336
FAW60490_pass_f881f114_a47281ca	GTAAT	TGTTC	1	0.934579439252336
FAW60490_pass_f881f114_a47281ca	GTCAT	CATCC	1	0.934579439252336
FAW60490_pass_f881f114_a47281ca	GTCAT	CATTT	1	0.934579439252336
FAW60490_pass_f881f114_a47281ca	GTG**	CATCC	1	0.934579439252336
FAW60490_pass_f881f114_a47281ca	GTGA*	TATTC	1	0.934579439252336
FAW60490_pass_f881f114_a47281ca	GTGAC	CATCC	1	0.934579439252336
FAW60490_pass_f881f114_a47281ca	GTGAT	**T*T	1	0.934579439252336
FAW60490_pass_f881f114_a47281ca	GTGAT	*AT*T	1	0.934579439252336
FAW60490_pass_f881f114_a47281ca	GTGAT	AATCC	1	0.934579439252336
FAW60490_pass_f881f114_a47281ca	GTGAT	ACTCC	1	0.934579439252336
FAW60490_pass_f881f114_a47281ca	GTGAT	CA*CC	1	0.934579439252336
FAW60490_pass_f881f114_a47281ca	GTGAT	CATGA	1	0.934579439252336
FAW60490_pass_f881f114_a47281ca	GTGAT	CGGCC	1	0.934579439252336
FAW60490_pass_f881f114_a47281ca	GTGAT	TATAT	1	0.934579439252336
FAW60490_pass_f881f114_a47281ca	GTGAT	TATTT	1	0.934579439252336
FAW60490_pass_f881f114_a47281ca	GTGTT	CATCC	1	0.934579439252336
FAW61367_pass_7060b958_94682466	**G**	TGTCC	1	0.917431192660551
FAW61367_pass_7060b958_94682466	**GAT	CATCC	1	0.917431192660551
FAW61367_pass_7060b958_94682466	*TCAC	TATTC	1	0.917431192660551
FAW61367_pass_7060b958_94682466	*TGAT	CATCC	1	0.917431192660551
FAW61367_pass_7060b958_94682466	*TGAT	TATTC	1	0.917431192660551
FAW61367_pass_7060b958_94682466	ATGAT	CATTC	1	0.917431192660551
FAW61367_pass_7060b958_94682466	ATGAT	TGTTC	1	0.917431192660551
FAW61367_pass_7060b958_94682466	ATGTA	CATCC	1	0.917431192660551
FAW61367_pass_7060b958_94682466	ATTAT	CATCT	1	0.917431192660551
FAW61367_pass_7060b958_94682466	CACAT	CATTC	1	0.917431192660551
FAW61367_pass_7060b958_94682466	CTG*T	CATCC	1	0.917431192660551
FAW61367_pass_7060b958_94682466	CTGAT	AATTC	1	0.917431192660551
FAW61367_pass_7060b958_94682466	G****	CATCC	1	0.917431192660551
FAW61367_pass_7060b958_94682466	G****	CGTCC	1	0.917431192660551
FAW61367_pass_7060b958_94682466	G*CA*	C**CC	1	0.917431192660551
FAW61367_pass_7060b958_94682466	G*CA*	CATTC	1	0.917431192660551
FAW61367_pass_7060b958_94682466	G*CA*	TATCC	1	0.917431192660551
FAW61367_pass_7060b958_94682466	G*CAA	TGTTT	1	0.917431192660551
FAW61367_pass_7060b958_94682466	G*CAC	C****	1	0.917431192660551
FAW61367_pass_7060b958_94682466	G*CAC	CATCC	1	0.917431192660551
FAW61367_pass_7060b958_94682466	G*CAC	CATGC	1	0.917431192660551
FAW61367_pass_7060b958_94682466	G*CAC	TATTC	1	0.917431192660551
FAW61367_pass_7060b958_94682466	G*GAT	CGTTC	1	0.917431192660551
FAW61367_pass_7060b958_94682466	GCAAC	CATTC	1	0.917431192660551
FAW61367_pass_7060b958_94682466	GCAAT	*GTTC	1	0.917431192660551
FAW61367_pass_7060b958_94682466	GCAAT	AGTTC	1	0.917431192660551
FAW61367_pass_7060b958_94682466	GCAAT	CGTCC	1	0.917431192660551
FAW61367_pass_7060b958_94682466	GCAAT	CGTTC	1	0.917431192660551
FAW61367_pass_7060b958_94682466	GCAAT	CTGCC	1	0.917431192660551
FAW61367_pass_7060b958_94682466	GCAAT	GTTCT	1	0.917431192660551
FAW61367_pass_7060b958_94682466	GCAGC	TGTTC	1	0.917431192660551
FAW61367_pass_7060b958_94682466	GCATT	CATGC	1	0.917431192660551
FAW61367_pass_7060b958_94682466	GCCAT	CATCC	1	0.917431192660551
FAW61367_pass_7060b958_94682466	GCCAT	CGTCC	1	0.917431192660551
FAW61367_pass_7060b958_94682466	GCCAT	TATCC	1	0.917431192660551
FAW61367_pass_7060b958_94682466	GCCAT	TATTC	1	0.917431192660551
FAW61367_pass_7060b958_94682466	GCGAT	CATTC	1	0.917431192660551
FAW61367_pass_7060b958_94682466	GCGAT	GATCC	1	0.917431192660551
FAW61367_pass_7060b958_94682466	GCGAT	TATTC	1	0.917431192660551
FAW61367_pass_7060b958_94682466	GCGAT	TGTTC	1	0.917431192660551
FAW61367_pass_7060b958_94682466	GCGGG	CATCC	1	0.917431192660551
FAW61367_pass_7060b958_94682466	GCGTT	TATCC	1	0.917431192660551
FAW61367_pass_7060b958_94682466	GTAAC	TGTTC	1	0.917431192660551
FAW61367_pass_7060b958_94682466	GTAAT	TAGCC	1	0.917431192660551
FAW61367_pass_7060b958_94682466	GTAAT	TATCC	1	0.917431192660551
FAW61367_pass_7060b958_94682466	GTAAT	TATTC	1	0.917431192660551
FAW61367_pass_7060b958_94682466	GTAAT	TGTCC	1	0.917431192660551
FAW61367_pass_7060b958_94682466	GTCAT	CGTCC	1	0.917431192660551
FAW61367_pass_7060b958_94682466	GTCAT	CGTTC	1	0.917431192660551
FAW61367_pass_7060b958_94682466	GTG*C	TATCC	1	0.917431192660551
FAW61367_pass_7060b958_94682466	GTGAC	TATCC	1	0.917431192660551
FAW61367_pass_7060b958_94682466	GTGAT	****C	1	0.917431192660551
FAW61367_pass_7060b958_94682466	GTGAT	CATTA	1	0.917431192660551
FAW61367_pass_7060b958_94682466	GTGAT	CATTC	1	0.917431192660551
FAW61367_pass_7060b958_94682466	GTGAT	CGTCC	1	0.917431192660551
FAW61367_pass_7060b958_94682466	GTGAT	CGTTC	1	0.917431192660551
FAW61367_pass_7060b958_94682466	GTGAT	TATGC	1	0.917431192660551
FAW61367_pass_7060b958_94682466	GTGTC	TGTTC	1	0.917431192660551
FAW64023_pass_6211bc3e_9a1fd90d	*****	**TCC	1	3.7037037037037
FAW64023_pass_6211bc3e_9a1fd90d	CAGAT	CAT**	1	3.7037037037037
FAW64023_pass_6211bc3e_9a1fd90d	CAGAT	CATCC	1	3.7037037037037
FAW64023_pass_6211bc3e_9a1fd90d	G*GAT	CATCC	1	3.7037037037037
FAW64023_pass_6211bc3e_9a1fd90d	GAGAT	CATCC	1	3.7037037037037
FAW64023_pass_6211bc3e_9a1fd90d	GT*AT	CATCC	1	3.7037037037037
FAW64023_pass_6211bc3e_9a1fd90d	GTGAT	*****	1	3.7037037037037
FAW64023_pass_6211bc3e_9a1fd90d	GTGAT	CA***	1	3.7037037037037
FAW64023_pass_6211bc3e_9a1fd90d	GTTAT	CA***	1	3.7037037037037
template_BCL11A_WT	***AT	CATCC	1	0.0495785820525533
template_BCL11A_WT	**GAT	CACCC	1	0.0495785820525533
template_BCL11A_WT	*AGAT	CA*CC	1	0.0495785820525533
template_BCL11A_WT	*CGAT	CATC*	1	0.0495785820525533
template_BCL11A_WT	*T*AT	CATCC	1	0.0495785820525533
template_BCL11A_WT	*TAAT	CATCC	1	0.0495785820525533
template_BCL11A_WT	*TG*T	CATCC	1	0.0495785820525533
template_BCL11A_WT	*TGAT	CAT*C	1	0.0495785820525533
template_BCL11A_WT	*TGAT	CATCT	1	0.0495785820525533
template_BCL11A_WT	*TGAT	CGTCC	1	0.0495785820525533
template_BCL11A_WT	*TGCT	CATCC	1	0.0495785820525533
template_BCL11A_WT	*TTAT	CATCC	1	0.0495785820525533
template_BCL11A_WT	ACTAT	CATCC	1	0.0495785820525533
template_BCL11A_WT	AT*AT	CATCC	1	0.0495785820525533
template_BCL11A_WT	ATGAT	CATCT	1	0.0495785820525533
template_BCL11A_WT	CTAAT	CATCC	1	0.0495785820525533
template_BCL11A_WT	G*GAT	CAACC	1	0.0495785820525533
template_BCL11A_WT	G*GGT	CATCC	1	0.0495785820525533
template_BCL11A_WT	GAGAT	GATCC	1	0.0495785820525533
template_BCL11A_WT	GCCAT	CA*CC	1	0.0495785820525533
template_BCL11A_WT	GCG**	TATCC	1	0.0495785820525533
template_BCL11A_WT	GCGAG	CATCC	1	0.0495785820525533
template_BCL11A_WT	GCGAT	*AT*C	1	0.0495785820525533
template_BCL11A_WT	GCGAT	*ATCC	1	0.0495785820525533
template_BCL11A_WT	GCGAT	CATC*	1	0.0495785820525533
template_BCL11A_WT	GCGAT	GATCC	1	0.0495785820525533
template_BCL11A_WT	GCGAT	TAT*C	1	0.0495785820525533
template_BCL11A_WT	GCTAG	CATCC	1	0.0495785820525533
template_BCL11A_WT	GGAAT	CATCC	1	0.0495785820525533
template_BCL11A_WT	GT**T	TATCC	1	0.0495785820525533
template_BCL11A_WT	GT*AG	CATCC	1	0.0495785820525533
template_BCL11A_WT	GT*AT	*ATCC	1	0.0495785820525533
template_BCL11A_WT	GTAAT	CA*GC	1	0.0495785820525533
template_BCL11A_WT	GTAAT	CGTCC	1	0.0495785820525533
template_BCL11A_WT	GTAAT	GGTCC	1	0.0495785820525533
template_BCL11A_WT	GTAGT	CATCC	1	0.0495785820525533
template_BCL11A_WT	GTG**	AATC*	1	0.0495785820525533
template_BCL11A_WT	GTG*T	CATCG	1	0.0495785820525533
template_BCL11A_WT	GTGAA	CATTC	1	0.0495785820525533
template_BCL11A_WT	GTGAC	TATCC	1	0.0495785820525533
template_BCL11A_WT	GTGAG	CATCG	1	0.0495785820525533
template_BCL11A_WT	GTGAG	CATTC	1	0.0495785820525533
template_BCL11A_WT	GTGAG	GATCC	1	0.0495785820525533
template_BCL11A_WT	GTGAT	***GC	1	0.0495785820525533
template_BCL11A_WT	GTGAT	**TTC	1	0.0495785820525533
template_BCL11A_WT	GTGAT	*AT*C	1	0.0495785820525533
template_BCL11A_WT	GTGAT	*ATAC	1	0.0495785820525533
template_BCL11A_WT	GTGAT	*ATCT	1	0.0495785820525533
template_BCL11A_WT	GTGAT	AATCT	1	0.0495785820525533
template_BCL11A_WT	GTGAT	AATTC	1	0.0495785820525533
template_BCL11A_WT	GTGAT	C*TAC	1	0.0495785820525533
template_BCL11A_WT	GTGAT	CA***	1	0.0495785820525533
template_BCL11A_WT	GTGAT	CACCT	1	0.0495785820525533
template_BCL11A_WT	GTGAT	CATAT	1	0.0495785820525533
template_BCL11A_WT	GTGAT	CATCA	1	0.0495785820525533
template_BCL11A_WT	GTGAT	CGT*C	1	0.0495785820525533
template_BCL11A_WT	GTGAT	CTCCC	1	0.0495785820525533
template_BCL11A_WT	GTGAT	GTTCC	1	0.0495785820525533
template_BCL11A_WT	GTGAT	TA*CC	1	0.0495785820525533
template_BCL11A_WT	GTGAT	TAACC	1	0.0495785820525533
template_BCL11A_WT	GTGAT	TATTC	1	0.0495785820525533
template_BCL11A_WT	GTGAT	TCTCC	1	0.0495785820525533
template_BCL11A_WT	GTGCA	CATCC	1	0.0495785820525533
template_BCL11A_WT	GTGGT	GA*CC	1	0.0495785820525533
template_BCL11A_WT	GTTAA	GATCC	1	0.0495785820525533
template_BCL11A_WT	TCGAT	CATCC	1	0.0495785820525533
template_BCL11A_WT	TGGAT	CATCC	1	0.0495785820525533
